7322776451|Like a Sunday, but on a Friday |16201.8|4333|4594|341.7|Run|0|2022-06-17T08:36:46Z|(GMT+00:00) Europe/London|United Kingdom|4|31|0|3|[50.8445505425334, -0.3920185938477516]|[50.84570347331464, -0.39234875701367855]|3.739|5.643|86.4|27|153.6|177.0|68.0
7311897211|What goes up (must come down)|16108.3|3979|4006|178.0|Run|0|2022-06-15T08:47:49Z|(GMT+00:00) Europe/London|United Kingdom|4|38|0|1|[50.844477117061615, -0.3920391295105219]|[50.84585300646722, -0.3923328313976526]|4.048|6.913|87.3|26|154.8|176.0|72.0
7309124560|Track Tuesdays |16191.4|3913|6807|27.0|Run|0|2022-06-14T16:59:25Z|(GMT+00:00) Europe/London|United Kingdom|2|42|3|1|[50.81664743833244, -0.40840077213943005]|[50.8167356159538, -0.407619746401906]|4.138|7.812|86.4|25|152.0|181.0|59.0
7300947554|yarn|13261.8|3669|3689|189.3|Run|0|2022-06-13T08:51:03Z|(GMT+00:00) Europe/London|United Kingdom|0|32|0|1|[50.84439321421087, -0.3921159915626049]|[50.84465824998915, -0.3945401217788458]|3.615|5.325|85.9|23|138.4|159.0|17.0
7295978518|Always guaranteed to see someone you know ü¶ñ |20035.5|4999|5589|464.6|Run|0|2022-06-12T09:37:12Z|(GMT+00:00) Europe/London|United Kingdom|2|52|0|1|[50.84449429996312, -0.39204390719532967]|[50.84596440196037, -0.39233190938830376]|4.008|8.294|87.1|25|160.8|191.0|115.0
7290341010|Knew that sausage role wasn‚Äôt a good idea|15081.9|3644|3696|281.6|Run|0|2022-06-11T11:02:02Z|(GMT+00:00) Europe/London|United Kingdom|8|44|1|1|[50.844409642741084, -0.392047930508852]|[50.84481289610267, -0.39221816696226597]|4.139|5.97|87.8|26|174.8|193.0|147.0
7285886698|Tour de Findon|16108.2|4097|4257|153.0|Run|0|2022-06-10T08:30:06Z|(GMT+00:00) Europe/London|United Kingdom|4|38|3|1|[50.844393549486995, -0.39208573289215565]|[50.84508505649865, -0.3922195080667734]|3.932|5.825|86.4|24|155.6|183.0|70.0
7280163361|oooo Findon fwends |16106.3|3989|4390|64.0|Run|0|2022-06-09T11:29:16Z|(GMT+00:00) Europe/London|United Kingdom|1|36|3|1|[50.844404278323054, -0.3920398000627756]|[50.844838209450245, -0.39234498515725136]|4.038|6.21|86.2|26|153.6|177.0|61.0
7274388148|Home sweet home |14850.2|3623|3853|59.0|Run|0|2022-06-08T09:41:17Z|(GMT+00:00) Europe/London|United Kingdom|1|41|5|1|[50.8443105686456, -0.39195950143039227]|[50.84470887668431, -0.39214826188981533]|4.099|6.373|86.3|23|160.8|174.0|87.0
7265090011|45 min spin class |0.0|2700|2700|0|Ride|12|2022-06-06T13:30:00Z|(GMT+00:00) Europe/London|United Kingdom|0|20|0|1|[]|[]|0.0|0|||||
7259821344|Accidentally gate crashed a fun run  |14198.6|3679|3832|63.0|Run|0|2022-06-05T14:00:15Z|(GMT-05:00) America/New_York|United Kingdom|0|42|2|1|[42.31149449944496, -71.24005791731179]|[42.311837738379836, -71.2406496796757]|3.859|5.622|86.3|24|152.3|168.0|56.0
7254363932|Chipmunk szn üêø |16452.3|3875|3942|45.0|Run|0|2022-06-04T14:10:53Z|(GMT-05:00) America/New_York|United Kingdom|3|44|2|1|[42.31146038509905, -71.24012991786003]|[42.31186975724995, -71.24064548872411]|4.246|5.856|87.2|23|164.9|186.0|102.0
7243323848|No rounding up |15807.9|3858|4193|45.0|Run|0|2022-06-02T13:46:55Z|(GMT-05:00) America/New_York|United Kingdom|1|35|4|1|[42.311519142240286, -71.2400468531996]|[42.31183933094144, -71.24056753702462]|4.097|5.506|86.9|22|149.6|164.0|46.0
7237626192|Running late |15285.1|3653|3826|47.0|Run|0|2022-06-01T13:20:19Z|(GMT-05:00) America/New_York|United Kingdom|2|39|0|1|[42.311461893841624, -71.23995766974986]|[42.31187746860087, -71.24047064222395]|4.184|5.718|87.0|22|158.6|177.0|79.0
7237626109|Last run in Boi|13430.3|3504|3655|22.0|Run|0|2022-05-30T16:09:18Z|(GMT-07:00) America/Boise|United Kingdom|1|19|2|2|[43.59923779964447, -116.19106334634125]|[43.60129019245505, -116.19066830724478]|3.833|6.232|87.0|12|147.8|164.0|37.0
7223151710|Wedding crashers üíí |13497.8|3606|3714|22.0|Run|0|2022-05-29T16:02:38Z|(GMT-07:00) America/Boise|United Kingdom|0|34|0|1|[43.5992899350822, -116.19167815893888]|[43.60149378888309, -116.19067870080471]|3.743|5.756|86.5|15|134.2|155.0|17.0
7211995502|Absolute üçë of a day|13372.3|3600|3765|146.0|Run|0|2022-05-27T16:03:11Z|(GMT-07:00) America/Boise|United Kingdom|2|28|0|3|[43.59929303638637, -116.19164982810616]|[43.59997373074293, -116.19223614223301]|3.715|5.61|86.0|25|149.0|174.0|42.0
7201196131|Shane‚Äôs ü§ë|13208.7|3562|3746|158.0|Run|0|2022-05-25T15:35:04Z|(GMT-07:00) America/Boise|United Kingdom|2|32|1|4|[43.59936151653528, -116.19166097603738]|[43.60134266316891, -116.1912770010531]|3.708|5.038|85.4|25|144.0|168.0|30.0
7190646603|Last council run |11852.7|3241|3571|14.0|Run|0|2022-05-23T15:03:12Z|(GMT-07:00) America/Boise|United Kingdom|0|36|0|5|[43.5992674715817, -116.1916462238878]|[43.599715903401375, -116.19111271575093]|3.657|6.836|86.0|20|146.7|165.0|31.0
7274990825|Evening Run|4774.2|1801|4278|0.0|Run||2022-05-17T02:04:38Z|(GMT-07:00) America/Boise|United Kingdom|0|1|0|1|[43.60059189610183, -116.20267597027123]|[43.600187888368964, -116.20255175046623]|2.651|5.868|||145.7|175.0|19.0
7136899590|It‚Äôs well ‚Äòot!|8602.5|2276|2407|4.0|Run|0|2022-05-13T17:34:01Z|(GMT-08:00) America/Los_Angeles|United Kingdom|0|19|0|6|[36.801706943660975, -119.69873735681176]|[36.8016398884356, -119.69889929518104]|3.78|4.665|87.0|26|143.1|162.0|17.0
7133978758|WD|4279.2|1351|1409|7.0|Run|0|2022-05-13T06:02:32Z|(GMT-08:00) America/Los_Angeles|United Kingdom|0|7|0|4|[36.852870248258114, -119.71146971918643]|[36.85311047360301, -119.71183232031763]|3.167|4.036|86.3|20|139.5|158.0|6.0
7134008507|Conference 10k - 12th|10000.0|1915|1915|0|Run|1|2022-05-12T21:10:00Z|(GMT+00:00) Europe/London|United Kingdom|0|71|4|1|[]|[]|5.222|0|||||
7133729416|WU|5165.9|1473|1632|8.0|Run|0|2022-05-13T04:15:55Z|(GMT-08:00) America/Los_Angeles|United Kingdom|0|5|0|5|[36.85295850969851, -119.71145085990429]|[36.8530245590955, -119.71148639917374]|3.507|4.042|85.9|23|139.9|152.0|7.0
7131720466|Shake oot|2032.9|617|641|1.0|Run|0|2022-05-12T17:36:16Z|(GMT-08:00) America/Los_Angeles|United Kingdom|0|7|0|8|[36.80155439302325, -119.69898671843112]|[36.80170342326164, -119.69874640926719]|3.295|3.62|85.6|26|134.8|146.0|2.0
7131719718|Post travel shake |2175.7|600|642|2.0|Run|0|2022-05-12T00:34:07Z|(GMT-08:00) America/Los_Angeles|United Kingdom|1|10|0|8|[36.80177559144795, -119.69872109591961]|[36.80180115625262, -119.6986319962889]|3.626|4.155|85.6|26|127.4|141.0|2.0
7125215326|Final premeet |8238.9|2110|2968|20.0|Run|0|2022-05-11T14:32:31Z|(GMT-07:00) America/Boise|United Kingdom|0|31|2|3|[43.59963443130255, -116.19163834489882]|[43.59962051734328, -116.1918642371893]|3.905|8.7|87.1|17|149.8|171.0|27.0
7121501184|Moocho|11275.0|2944|3025|20.0|Run|0|2022-05-10T20:09:23Z|(GMT-07:00) America/Boise|United Kingdom|3|17|0|4|[43.610051376745105, -116.19180455803871]|[43.610011814162135, -116.19182350113988]|3.83|5.005|86.6|18|147.5|163.0|33.0
7116885144|WD|3244.7|952|956|7.0|Run|0|2022-05-09T22:20:43Z|(GMT-07:00) America/Boise|United Kingdom|0|5|0|4|[43.60997937619686, -116.19159685447812]|[43.61011818051338, -116.19186633266509]|3.408|4.083|86.4|16|152.0|160.0|13.0
7116884852|Premeet ü•ú|7303.4|1521|1547|1.0|Run|3|2022-05-09T21:50:00Z|(GMT-07:00) America/Boise|United Kingdom|0|19|0|7|[43.60958098433912, -116.19156542234123]|[43.60953303985298, -116.19132771156728]|4.802|8.013|90.7|16|136.9|163.0|8.0
7116884267|WU|5053.7|1348|2154|10.0|Run|0|2022-05-09T21:10:00Z|(GMT-07:00) America/Boise|United Kingdom|0|7|0|10|[43.60997786745429, -116.19166374206543]|[43.60926205292344, -116.19090501219034]|3.749|6.695|86.2|22|128.9|152.0|5.0
7109522237|A more mercurial week than de Mello himself |17723.5|5095|6116|257.0|Run|0|2022-05-08T14:41:14Z|(GMT-07:00) America/Boise|United Kingdom|5|58|6|2|[43.59935070388019, -116.19169928133488]|[43.5992484446615, -116.1915706191212]|3.479|5.238|85.5|13|157.9|185.0|105.0
7098456682|WD|4955.6|1423|1597|26.0|Run|0|2022-05-06T17:17:17Z|(GMT-07:00) America/Boise|United Kingdom|0|10|0|6|[43.609696654602885, -116.19183699600399]|[43.610155982896686, -116.19193254970014]|3.482|4.382|86.2|26|148.4|162.0|15.0
7098324663|ü¶å|4949.3|1233|1255|23.0|Run|0|2022-05-06T16:50:52Z|(GMT-07:00) America/Boise|United Kingdom|0|21|0|10|[43.60916473902762, -116.1923492141068]|[43.60973202623427, -116.19189525023103]|4.014|8.303|83.4|23|140.2|161.0|6.0
7098282035|WU|5102.3|1409|2282|39.0|Run|0|2022-05-06T16:09:35Z|(GMT-07:00) America/Boise|United Kingdom|0|14|0|9|[43.610073421150446, -116.19188318029046]|[43.60923271626234, -116.19089411571622]|3.621|7.056|86.1|21|145.2|163.0|13.0
7092871960|Run with Dad!|18603.7|5082|6634|97.0|Run|0|2022-05-05T14:33:23Z|(GMT-07:00) America/Boise|United Kingdom|4|42|3|1|[43.59956528060138, -116.19167614728212]|[43.60029869712889, -116.19220923632383]|3.661|7.978|86.0|23|142.3|169.0|37.0
7087485574|Happy May 4th x|16235.2|4426|4623|18.0|Run|0|2022-05-04T15:02:10Z|(GMT-07:00) America/Boise|United Kingdom|0|34|0|5|[43.59938037581742, -116.19151915423572]|[43.59960434027016, -116.19080828502774]|3.668|5.926|85.7|16|148.6|167.0|60.0
7083736600|Foot all g ü§ë|13428.3|3605|3688|15.0|Run|0|2022-05-03T20:12:51Z|(GMT-07:00) America/Boise|United Kingdom|2|31|0|2|[43.61008641310036, -116.19173599407077]|[43.6099895182997, -116.19184437207878]|3.725|6.662|86.1|23|148.3|162.0|43.0
7068228954|Fresno 5k DNF|2200.0|366|366|0|Run|1|2022-04-30T20:11:00Z|(GMT+00:00) Europe/London|United Kingdom|0|49|7|1|[]|[]|6.011|0|||||
7067941717|WU|4392.1|1266|1594|12.0|Run|0|2022-05-01T03:18:52Z|(GMT-08:00) America/Los_Angeles|United Kingdom|0|12|0|3|[36.853579273447394, -119.71291626803577]|[36.85417681932449, -119.71313696354628]|3.469|5.847|85.5|25|152.3|169.0|18.0
7066435841|Shakeout |3307.9|930|983|2.0|Run|0|2022-04-30T17:32:33Z|(GMT-08:00) America/Los_Angeles|United Kingdom|0|18|0|2|[36.801529666408896, -119.69892251305282]|[36.80213852785528, -119.6986299008131]|3.557|4.286|86.2|27|127.3|142.0|3.0
7061992663|Shake oot |2148.8|600|633|2.0|Run|0|2022-04-30T00:03:48Z|(GMT-08:00) America/Los_Angeles|United Kingdom|1|11|1|5|[36.8015812151134, -119.698880687356]|[36.80155766196549, -119.69883324578404]|3.581|4.223|86.4|29|124.2|140.0|2.0
7060213538|Premeet ü´° |8078.2|2151|2962|23.0|Run|0|2022-04-29T14:31:37Z|(GMT-07:00) America/Boise|United Kingdom|0|30|0|3|[43.59927845187485, -116.19169224053621]|[43.59964172355831, -116.19187253527343]|3.756|7.037|87.8|17|152.7|168.0|33.0
7057053076|Heat sheet Sherman strikes again|12886.6|3399|3489|16.0|Run|0|2022-04-28T21:09:19Z|(GMT-07:00) America/Boise|United Kingdom|2|31|1|4|[43.609957080334425, -116.19155871681869]|[43.609939478337765, -116.19153365492821]|3.791|5.362|86.7|17|156.3|173.0|65.0
7049901296|Simp loop |16116.3|4348|4575|26.6|Run|0|2022-04-27T14:31:26Z|(GMT-07:00) America/Boise|United Kingdom|0|29|0|5|[43.599389512091875, -116.19174538180232]|[43.59945505857468, -116.19165728799999]|3.707|5.284|||||
7046246315|WD|3257.0|923|955|33.0|Run|0|2022-04-26T21:23:26Z|(GMT-07:00) America/Boise|United Kingdom|0|5|0|2|[43.61020510084927, -116.19178745895624]|[43.61012496985495, -116.19188267737627]|3.529|4.267|87.3|22|156.1|165.0|18.0
7046231856|Pathetic fallacy |7491.4|1496|1606|15.0|Run|3|2022-04-26T20:49:31Z|(GMT-07:00) America/Boise|United Kingdom|0|33|0|10|[43.60959095880389, -116.19158369489014]|[43.60871605575085, -116.19054383598268]|5.008|7.748|90.3|22|148.1|166.0|15.0
7046168924|WU|5149.3|1402|2173|48.0|Run|0|2022-04-26T20:10:08Z|(GMT-07:00) America/Boise|United Kingdom|0|11|0|11|[43.60998876392841, -116.19166298769414]|[43.608775064349174, -116.1904999986291]|3.673|7.057|87.0|22|148.5|166.0|17.0
7044094427|It‚Äôs always refreshing seeing a duck |6482.1|1778|1795|9.0|Run|0|2022-04-26T14:30:58Z|(GMT-07:00) America/Boise|United Kingdom|0|25|0|2|[43.59928851015866, -116.1916446313262]|[43.59958581626415, -116.19152979925275]|3.646|7.402|87.1|18|146.3|157.0|15.0
7041095423|Dub|7527.5|2007|3173|48.0|Run|0|2022-04-25T21:08:35Z|(GMT-07:00) America/Boise|United Kingdom|0|28|0|8|[43.60993185080588, -116.19169123470783]|[43.60949020832777, -116.19202022440732]|3.751|8.654|86.8|27|132.7|150.0|8.0
7039095828|A new trail! |13022.6|3673|3934|158.0|Run|0|2022-04-25T14:31:15Z|(GMT-07:00) America/Boise|United Kingdom|1|37|1|3|[43.5997714754194, -116.1917307972908]|[43.60007347539067, -116.19212692603469]|3.545|5.364|86.1|18|140.1|166.0|27.0
7029092533|bobs your uncle üë¶üèª|21044.3|5899|6238|509.5|Run|2|2022-04-23T15:06:59Z|(GMT-07:00) America/Boise|United Kingdom|9|54|2|7|[43.60998574644327, -116.19163289666176]|[43.61063978634775, -116.19090149179101]|3.567|5.78|86.8|15|154.9|167.0|107.0
7023958196|WD|5252.2|1535|4904|21.0|Run|0|2022-04-22T16:36:44Z|(GMT-07:00) America/Boise|United Kingdom|1|7|0|2|[43.61004785634577, -116.19174596853554]|[43.59981782734394, -116.19224368594587]|3.422|4.908|86.6|19|150.1|164.0|22.0
7023957365|4 x 2k [lap jog], 4 x 150m strides üòé|12118.5|2410|2702|7.0|Run|3|2022-04-22T15:47:35Z|(GMT-07:00) America/Boise|United Kingdom|1|45|3|3|[43.60958140343428, -116.19161965325475]|[43.60951258800924, -116.19130072183907]|5.028|9.015|92.2|13|153.4|167.0|38.0
7023955647|WU|5181.8|1442|2122|17.0|Run|0|2022-04-22T15:01:12Z|(GMT-07:00) America/Boise|United Kingdom|0|8|0|3|[43.599653374403715, -116.19180397130549]|[43.60942516475916, -116.19204042479396]|3.593|7.107|86.8|18|139.5|171.0|10.0
7020038252|pee stop|6608.7|1783|1839|48.0|Run|0|2022-04-21T21:10:59Z|(GMT-07:00) America/Boise|United Kingdom|1|23|0|5|[43.6100170109421, -116.19168620556593]|[43.61014584079385, -116.1918827611953]|3.707|4.522|86.2|21|130.8|151.0|7.0
7018208333|grass |16343.1|4315|4431|17.0|Run|0|2022-04-21T14:31:52Z|(GMT-07:00) America/Boise|United Kingdom|2|37|0|3|[43.599466206505895, -116.19164546951652]|[43.59988412819803, -116.19233219884336]|3.788|5.148|86.6|15|153.6|180.0|70.0
7012927986|3 bears üêª |19040.2|5277|5639|289.3|Run|2|2022-04-20T14:21:30Z|(GMT-07:00) America/Boise|United Kingdom|1|48|1|3|[43.5995003208518, -116.19144346565008]|[43.59967231750488, -116.19217721745372]|3.608|5.124|86.1|12|152.4|174.0|81.0
7009400417|WD|3233.2|982|1019|22.0|Run|0|2022-04-19T21:39:22Z|(GMT-07:00) America/Boise|United Kingdom|0|5|0|4|[43.610201831907034, -116.19200287386775]|[43.61020149663091, -116.19185912422836]|3.292|4.278|86.7|21|143.9|162.0|7.0
7009399752|5 x k [2:30], 4 x 400 [70s] ü¶ä|8932.9|1901|2124|12.0|Run|3|2022-04-19T20:54:28Z|(GMT-07:00) America/Boise|United Kingdom|2|45|4|5|[43.60963177867234, -116.19165183976293]|[43.60973353497684, -116.19181771762669]|4.699|8.603|87.8|20|139.4|167.0|13.0
7009398265|WU|5186.9|1430|2396|35.0|Run|0|2022-04-19T20:11:32Z|(GMT-07:00) America/Boise|United Kingdom|0|5|0|9|[43.61004609614611, -116.19167841039598]|[43.609186951071024, -116.19084248319268]|3.627|7.398|85.8|23|131.8|151.0|5.0
7007343326|The geese have been on one recently |6447.0|1760|1775|6.0|Run|0|2022-04-19T14:30:57Z|(GMT-07:00) America/Boise|United Kingdom|1|25|0|3|[43.599505769088864, -116.1915790848434]|[43.599730990827084, -116.19161864742637]|3.663|6.218|86.6|15|154.3|178.0|30.0
7004240783|Sprints |7083.4|1868|2944|47.0|Run|0|2022-04-18T21:09:45Z|(GMT-07:00) America/Boise|United Kingdom|0|28|0|5|[43.61006487160921, -116.19187379255891]|[43.6089741345495, -116.19082697667181]|3.792|7.834|86.6|27|135.3|150.0|7.0
7002695921|usual from the usual  |16174.2|4465|4945|183.0|Run|0|2022-04-18T14:32:07Z|(GMT-07:00) America/Boise|United Kingdom|4|36|2|4|[43.599514570087194, -116.19151228107512]|[43.59978505410254, -116.19219465181231]|3.622|5.632|86.0|17|150.6|172.0|61.0
6997835435|back in boi|12348.4|3413|3647|24.0|Run|0|2022-04-17T16:02:39Z|(GMT-07:00) America/Boise|United Kingdom|0|32|0|2|[43.599340645596385, -116.19161797687411]|[43.599803326651454, -116.19205475784838]|3.618|4.896|86.1|16|152.6|176.0|56.0
6993002466|Some fantastic trails once we got the route right|18133.2|5489|5835|301.0|Run|2|2022-04-16T14:24:02Z|(GMT-08:00) America/Los_Angeles|United Kingdom|0|62|5|5|[34.12156549282372, -117.77475798502564]|[34.12146197631955, -117.77488832361996]|3.304|5.512|85.3|15|150.9|170.0|79.0
6986819001|Didn‚Äôt manage to find the trail|9563.7|2863|3078|38.0|Run|0|2022-04-15T16:05:23Z|(GMT-08:00) America/Los_Angeles|United Kingdom|0|26|0|3|[34.07303100451827, -117.87631220184267]|[34.0728828124702, -117.87626937031746]|3.34|4.986|85.9|21|123.7|142.0|9.0
6983717782|Mt *Sac 10,000m invitational - 29:33|10000.0|1773|1773|0|Run|1|2022-04-14T19:00:00Z|(GMT+00:00) Europe/London|United Kingdom|0|66|3|1|[]|[]|5.64|0|||||
6983416231|WU|4901.5|1273|2066|7.0|Run|0|2022-04-15T02:29:54Z|(GMT-08:00) America/Los_Angeles|United Kingdom|0|16|0|3|[34.04471735469997, -117.83730994910002]|[34.04402056708932, -117.83664325252175]|3.85|6.716|86.3|21|148.1|163.0|13.0
6981679558|Shake oot |3157.6|900|964|2.0|Run|0|2022-04-14T17:03:10Z|(GMT-08:00) America/Los_Angeles|United Kingdom|0|19|0|6|[34.07277585938573, -117.87622821517289]|[34.07298733480275, -117.87610734812915]|3.508|4.416|85.9|24|144.7|161.0|7.0
6978028215|Walnut üî© |3225.6|938|950|26.0|Run|0|2022-04-13T23:49:08Z|(GMT-08:00) America/Los_Angeles|United Kingdom|0|17|0|4|[34.07305589877069, -117.87593945860863]|[34.07280125655234, -117.87629862315953]|3.439|4.812|84.8|25|127.6|144.0|3.0
6975773167|Why tf is there snow üòµ‚Äçüí´|8443.2|2357|3621|31.0|Run|0|2022-04-13T14:32:29Z|(GMT-07:00) America/Boise|United Kingdom|0|31|0|6|[43.59956922009587, -116.19171981699765]|[43.59969478100538, -116.19183850474656]|3.582|6.598|86.7|13|131.1|155.0|10.0
6972384502|New 8 mile loop|12966.5|3545|3663|17.0|Run|0|2022-04-12T20:10:08Z|(GMT-07:00) America/Boise|United Kingdom|1|32|0|7|[43.61005607061088, -116.19164505042136]|[43.60976387746632, -116.19189734570682]|3.658|4.721|86.0|20|144.7|184.0|37.0
6967807416|WD|3302.9|1036|1045|17.0|Run|0|2022-04-11T22:32:33Z|(GMT-07:00) America/Boise|United Kingdom|0|7|0|4|[43.609928246587515, -116.19163348339498]|[43.610222367569804, -116.19176784530282]|3.188|4.104|85.9|15|154.4|166.0|18.0
6967122122|Premeet |8959.4|1807|1857|3.0|Run|3|2022-04-11T21:50:19Z|(GMT-07:00) America/Boise|United Kingdom|0|30|1|7|[43.60958450473845, -116.19158260524273]|[43.60858102329075, -116.1910748295486]|4.958|7.588|89.4|14|154.0|168.0|30.0
6967121212|WU|5164.4|1430|2253|34.0|Run|0|2022-04-11T21:11:27Z|(GMT-07:00) America/Boise|United Kingdom|0|12|0|9|[43.61002279445529, -116.19164194911718]|[43.609265740960836, -116.190872406587]|3.611|7.007|86.2|12|149.5|184.0|16.0
6965059455|Double |6505.9|1801|1801|12.0|Run|0|2022-04-11T14:30:54Z|(GMT-07:00) America/Boise|United Kingdom|0|25|0|3|[43.599371491000056, -116.19158763438463]|[43.59954843297601, -116.19166466407478]|3.612|4.747|86.6|20|146.5|161.0|17.0
6961159931|little one to round off the week|8612.6|2354|2717|14.0|Run|0|2022-04-10T16:01:00Z|(GMT-07:00) America/Boise|United Kingdom|0|27|0|4|[43.59932438470423, -116.19157330133021]|[43.59998060390353, -116.19227888993919]|3.659|6.588|87.1|17|150.8|169.0|33.0
6955554387|Shortened long one |21108.9|5515|5756|37.0|Run|2|2022-04-09T15:08:27Z|(GMT-07:00) America/Boise|United Kingdom|2|47|0|4|[43.61004224047065, -116.1916602216661]|[43.61021784134209, -116.19187597185373]|3.828|5.224|87.1|12|154.5|170.0|98.0
6951268760|WD|3828.5|1051|1059|21.0|Run|0|2022-04-08T21:31:01Z|(GMT-07:00) America/Boise|United Kingdom|0|12|0|6|[43.61603940837085, -116.16000931710005]|[43.61022060737014, -116.1918275244534]|3.643|4.639|86.1|25|148.5|165.0|10.0
6951258010|Stay strapped or get clapped|10306.7|2431|2441|31.0|Run|0|2022-04-08T20:44:36Z|(GMT-07:00) America/Boise|United Kingdom|0|43|0|8|[43.616108894348145, -116.15987210534513]|[43.61613605171442, -116.15950036793947]|4.24|6.892|88.7|24|144.1|157.0|16.0
6951256900|WU|4978.6|1360|1608|87.0|Run|0|2022-04-08T20:12:30Z|(GMT-07:00) America/Boise|United Kingdom|1|12|0|7|[43.6101068649441, -116.19172752834857]|[43.616385916247964, -116.15895286202431]|3.661|6.002|86.3|25|149.9|163.0|17.0
6949822800|Baker Street|6444.4|1778|1778|8.0|Run|0|2022-04-08T14:31:31Z|(GMT-07:00) America/Boise|United Kingdom|0|29|0|3|[43.5992051102221, -116.1916427873075]|[43.59955647960305, -116.19103962555528]|3.624|5.908|86.5|15|147.6|160.0|19.0
6946966309|Double |8056.0|2197|2247|46.0|Run|0|2022-04-07T21:09:33Z|(GMT-07:00) America/Boise|United Kingdom|1|29|0|4|[43.610084652900696, -116.19167841039598]|[43.60948098823428, -116.1922348011285]|3.667|5.074|85.4|24|149.6|164.0|26.0
6945406146|footies |14376.2|3938|4170|198.0|Run|0|2022-04-07T14:31:29Z|(GMT-07:00) America/Boise|United Kingdom|0|28|0|2|[43.59929068945348, -116.19169131852686]|[43.599857138469815, -116.19221577420831]|3.651|5.61|86.5|17|144.0|162.0|29.0
6940852536|ü§ß ü§ß |19334.8|5100|5259|205.0|Run|2|2022-04-06T15:02:51Z|(GMT-07:00) America/Boise|United Kingdom|6|43|0|1|[43.59933695755899, -116.19158587418497]|[43.6001427937299, -116.19215542450547]|3.791|5.702|86.1|20|154.4|179.0|81.0
6937323868|WD|3033.0|867|872|15.0|Run|0|2022-04-05T21:47:39Z|(GMT-07:00) America/Boise|United Kingdom|0|10|0|1|[43.61000770702958, -116.19164354167879]|[43.61003008671105, -116.19179064407945]|3.498|4.49|86.8|15|152.6|163.0|13.0
6937256917|6 mile threshold (29:58), 6 x 200m |12883.1|2678|2970|16.0|Run|3|2022-04-05T20:48:21Z|(GMT-07:00) America/Boise|United Kingdom|0|43|0|4|[43.603730499744415, -116.19224770925939]|[43.608504328876734, -116.19089713320136]|4.811|8.606|91.4|14|149.0|161.0|28.0
6937255726|WU|4988.3|1406|2094|17.0|Run|0|2022-04-05T20:11:31Z|(GMT-07:00) America/Boise|United Kingdom|0|12|0|6|[43.61002321355045, -116.19164580479264]|[43.603894701227546, -116.1925339512527]|3.548|7.572|85.8|18|146.6|163.0|11.0
6935317426|double |6541.2|1772|1794|11.0|Run|0|2022-04-05T14:41:08Z|(GMT-07:00) America/Boise|United Kingdom|0|24|1|1|[43.60080094076693, -116.19003639556468]|[43.59907996840775, -116.19167405180633]|3.691|6.37|87.1|16|146.8|162.0|17.0
6932260101|sprints |8157.9|2151|3419|68.0|Run|0|2022-04-04T21:11:56Z|(GMT-07:00) America/Boise|United Kingdom|0|31|0|4|[43.610081216320395, -116.19170296937227]|[43.609302286058664, -116.1922009382397]|3.793|8.98|87.1|19|142.7|162.0|18.0
6930810362|in the bleak midwinter|16122.5|4278|4464|25.0|Run|0|2022-04-04T14:32:24Z|(GMT-07:00) America/Boise|United Kingdom|2|37|0|2|[43.59937115572393, -116.19157615117729]|[43.599113915115595, -116.19162443093956]|3.769|5.956|87.4|13|151.9|167.0|61.0
6926910551|Something new |11992.8|3406|3524|30.0|Run|0|2022-04-03T16:02:40Z|(GMT-07:00) America/Boise|United Kingdom|0|47|0|6|[43.59960467554629, -116.1916845291853]|[43.599398732185364, -116.19164572097361]|3.521|5.26|86.9|17|155.8|170.0|65.0
6921462843|gps extra |1300.0|300|300|0|Run||2022-04-02T08:30:00Z|(GMT+00:00) Europe/London|United Kingdom|0|7|0|1|[]|[]|4.333|0|||||
6921374986|some bloody marvellous single track |23767.1|7195|7388|621.3|Run|2|2022-04-02T15:15:31Z|(GMT-08:00) America/Los_Angeles|United Kingdom|0|58|1|3|[37.425962844863534, -122.3075564391911]|[37.42579009383917, -122.30832220986485]|3.303|6.788|86.4|17|157.6|183.0|145.0
6918126397|Stanford invitational 5000m - 14:05|5000.0|845|845|0|Run|1|2022-04-01T21:00:52Z|(GMT+00:00) Europe/London|United Kingdom|0|98|3|1|[]|[]|5.917|0|||||
6918112031|The campus is disgustingly legit |8051.8|2655|3558|23.0|Run|0|2022-04-02T03:07:17Z|(GMT-08:00) America/Los_Angeles|United Kingdom|3|31|0|3|[37.4318325240165, -122.16169338673353]|[37.43213343434036, -122.16130932793021]|3.033|6.405|85.7|18|152.6|170.0|40.0
6917929437|little pick up |1281.8|304|304|0.0|Run|0|2022-04-02T02:05:52Z|(GMT-08:00) America/Los_Angeles|United Kingdom|0|8|0|1|[37.43198591284454, -122.16130555607378]|[37.432408444583416, -122.16094421222806]|4.216|5.84|88.1|21|153.1|163.0|5.0
6917927602|WU|3865.3|1128|1194|6.0|Run|0|2022-04-02T01:39:21Z|(GMT-08:00) America/Los_Angeles|United Kingdom|0|8|0|3|[37.4318980704993, -122.16156648471951]|[37.43193117901683, -122.16132743284106]|3.427|4.522|86.5|24|148.9|165.0|12.0
6916581204|Shake oot|3232.7|992|1028|13.0|Run|0|2022-04-01T17:31:43Z|(GMT-08:00) America/Los_Angeles|United Kingdom|0|15|0|5|[37.40501219406724, -122.11901164613664]|[37.405142951756716, -122.11916486732662]|3.259|4.15|86.3|21|144.1|167.0|7.0
6913200155|yes this is nice |8441.2|2270|3222|62.0|Run|0|2022-03-31T20:22:29Z|(GMT-08:00) America/Los_Angeles|United Kingdom|3|34|0|4|[37.360717775300145, -122.12439894676208]|[37.3605181183666, -122.12404665537179]|3.719|8.382|86.6|25|141.7|157.0|13.0
6911412196|little wake and shake |4281.0|1200|1261|4.0|Run|0|2022-03-31T13:45:48Z|(GMT-07:00) America/Boise|United Kingdom|0|21|0|1|[43.59913654625416, -116.19168327189982]|[43.59938356094062, -116.19156885892153]|3.567|5.195|86.6|17|150.8|165.0|16.0
6907069113|Shane‚Äôs |16103.1|4504|4622|182.0|Run|0|2022-03-30T14:21:46Z|(GMT-07:00) America/Boise|United Kingdom|0|32|0|2|[43.59913570806384, -116.19159718975425]|[43.59918122179806, -116.19165846146643]|3.575|4.588|86.7|15|154.8|171.0|79.0
6903848534|WD|3305.9|985|999|14.0|Run|0|2022-03-29T21:37:27Z|(GMT-07:00) America/Boise|United Kingdom|0|5|0|4|[43.61005414277315, -116.19175250642002]|[43.61019965261221, -116.19175493717194]|3.356|4.096|87.6|24|153.5|167.0|15.0
6903848092|premeet, but ü•© |10384.6|2349|2366|12.0|Run|3|2022-03-29T20:49:58Z|(GMT-07:00) America/Boise|United Kingdom|0|37|0|10|[43.60962800681591, -116.19163314811885]|[43.608630392700434, -116.1909276433289]|4.421|7.862|88.4|24|148.7|164.0|27.0
6903779903|WU|5064.5|1334|1757|37.0|Run|0|2022-03-29T20:11:10Z|(GMT-07:00) America/Boise|United Kingdom|0|7|0|9|[43.61005732789636, -116.19165410287678]|[43.60960897989571, -116.19195928797126]|3.796|6.846|87.0|24|141.9|161.0|9.0
6901767391|Bridge to bridge |6464.2|1756|1756|8.0|Run|0|2022-03-29T14:32:10Z|(GMT-07:00) America/Boise|United Kingdom|1|23|0|3|[43.599442820996046, -116.19149761274457]|[43.5995867382735, -116.19097894057631]|3.681|5.153|87.3|16|153.7|167.0|29.0
6898652142|Stanford week bb|12891.3|3297|5250|60.0|Run|0|2022-03-28T20:39:24Z|(GMT-07:00) America/Boise|United Kingdom|0|22|0|4|[43.60960847698152, -116.19151043705642]|[43.60935098491609, -116.1922125890851]|3.91|8.184|86.6|22|145.6|177.0|32.0
6891854063|lap of lake |12007.9|3123|3187|64.0|Run|0|2022-03-27T13:57:05Z|(GMT-05:00) America/New_York|United Kingdom|2|30|0|1|[42.31138251721859, -71.2402662076056]|[42.31141780503094, -71.24017928726971]|3.845|5.047|86.9|15|158.7|183.0|65.0
6886843545|Lake Waban is actually legit |26066.3|6271|6660|104.0|Run|2|2022-03-26T15:31:58Z|(GMT-05:00) America/New_York|United Kingdom|4|41|2|1|[42.31169038452208, -71.24003696255386]|[42.31158368289471, -71.24018867500126]|4.157|6.212|88.0|18|152.6|173.0|99.0
6881983405|Some good trail-age |7020.6|1807|1836|27.0|Run|0|2022-03-25T20:02:36Z|(GMT-05:00) America/New_York|United Kingdom|1|22|0|1|[42.31167621910572, -71.24031976796687]|[42.31174218468368, -71.24048388563097]|3.885|4.933|86.9|20|150.9|165.0|23.0
6880553958|WD|5027.2|1315|1341|36.0|Run|0|2022-03-25T14:55:19Z|(GMT-05:00) America/New_York|United Kingdom|2|12|0|1|[42.302356380969286, -71.28200297243893]|[42.311772694811225, -71.24038531444967]|3.823|5.626|87.1|17|151.2|159.0|17.0
6880553924|5mi prog, 3 x k üè¥‚Äç‚ò†Ô∏è|12601.8|2520|2665|16.0|Run|3|2022-03-25T14:06:05Z|(GMT-05:00) America/New_York|United Kingdom|5|43|4|1|[42.302038790658116, -71.28334592096508]|[42.30183410458267, -71.28171312622726]|5.001|7.986|91.0|13|153.9|173.0|41.0
6880553817|WU|5269.6|1397|1739|57.0|Run|0|2022-03-25T13:32:39Z|(GMT-05:00) America/New_York|United Kingdom|0|9|0|1|[42.311519645154476, -71.24009873718023]|[42.30225722305477, -71.28237320110202]|3.772|6.853|86.9|18|138.2|154.0|6.0
6877105319|wet double |8454.0|2209|2340|61.0|Run|0|2022-03-24T19:39:52Z|(GMT-05:00) America/New_York|United Kingdom|0|25|0|1|[42.31160086579621, -71.24022563919425]|[42.31167077086866, -71.24024659395218]|3.827|5.228|86.7|13|146.7|162.0|26.0
6875391695|very moist, very unenjoyable |16298.2|4172|4306|65.0|Run|0|2022-03-24T13:46:20Z|(GMT-05:00) America/New_York|United Kingdom|1|35|2|1|[42.31154487468302, -71.24005808494985]|[42.31183195486665, -71.24066795222461]|3.907|5.69|86.9|17|153.4|178.0|67.0
6870425497|reunited |21013.7|5095|5318|63.0|Run|2|2022-03-23T14:00:37Z|(GMT-05:00) America/New_York|United Kingdom|4|41|3|1|[42.31154336594045, -71.2402128148824]|[42.311529368162155, -71.2401160877198]|4.124|6.138|87.7|13|155.0|168.0|92.0
6865125879|WD|6446.0|1888|2297|114.0|Run|0|2022-03-22T16:24:46Z|(GMT-07:00) America/Boise|United Kingdom|0|11|0|6|[43.60889081843197, -116.19173725135624]|[43.609955152496696, -116.19165636599064]|3.414|4.898|87.1|18|154.1|170.0|32.0
6864919086|20 x 200 ü¶ä|8724.8|1789|1789|1.0|Run|3|2022-03-22T15:52:17Z|(GMT-07:00) America/Boise|United Kingdom|0|35|0|15|[43.609590539708734, -116.19154153391719]|[43.609716184437275, -116.19192844256759]|4.877|9.44|93.6|15|155.0|171.0|30.0
6864917619|WU|5309.8|1434|2412|40.0|Run|0|2022-03-22T15:08:50Z|(GMT-07:00) America/Boise|United Kingdom|0|8|1|8|[43.61010678112507, -116.1916581261903]|[43.60937009565532, -116.1910780146718]|3.703|6.764|87.9|19|146.1|158.0|14.0
6862147501|‚ÄúHow longs a piece of wood‚Äù|8051.8|2201|2263|14.0|Run|0|2022-03-21T22:32:56Z|(GMT-07:00) America/Boise|United Kingdom|0|29|0|2|[43.59930602833629, -116.19105504825711]|[43.59931935556233, -116.19158855639398]|3.658|4.896|86.4|18|148.2|168.0|24.0
6860080180|10 but this time from the track |16128.1|4173|5150|214.0|Run|0|2022-03-21T15:10:58Z|(GMT-07:00) America/Boise|United Kingdom|8|34|0|7|[43.6101829726249, -116.19186549447477]|[43.60960897989571, -116.19201125577092]|3.865|8.323|87.4|17|153.8|169.0|70.0
6855141186|Deceptively cold |9716.1|2700|2821|9.0|Run|0|2022-03-20T16:01:33Z|(GMT-07:00) America/Boise|United Kingdom|0|31|0|5|[43.59929731115699, -116.19160037487745]|[43.5994141548872, -116.19154756888747]|3.599|4.945|86.7|14|152.2|169.0|41.0
6849705004|SLR üßë‚ÄçüöÄ|32237.0|7649|8075|68.0|Run|0|2022-03-19T15:07:19Z|(GMT-07:00) America/Boise|United Kingdom|14|73|6|3|[43.61005112528801, -116.1918706074357]|[43.609577463939786, -116.1916567850858]|4.215|5.886|87.6|14|156.5|180.0|149.0
6845175755|junk miles |5384.0|1393|1490|8.0|Run|0|2022-03-18T22:20:54Z|(GMT-07:00) America/Boise|United Kingdom|2|26|1|1|[43.59939822927117, -116.1917033046484]|[43.599212067201734, -116.19168318808079]|3.865|6.302|86.2|21|152.3|163.0|20.0
6843825709|WD|5605.8|1581|2543|19.0|Run|0|2022-03-18T16:12:21Z|(GMT-07:00) America/Boise|United Kingdom|0|7|1|1|[43.616153402253985, -116.15988979116082]|[43.59968933276832, -116.19202408008277]|3.546|4.583|86.8|20|136.5|151.0|6.0
6843824430|20 x 1 min hills üë¨|13764.6|3263|3270|157.6|Run|3|2022-03-18T15:12:28Z|(GMT-07:00) America/Boise|United Kingdom|0|45|2|2|[43.61608760431409, -116.15995424799621]|[43.616032199934125, -116.15994511172175]|4.218|6.836|90.1|12|153.9|172.0|54.0
6843820993|WU|5496.5|1598|2009|97.0|Run|0|2022-03-18T14:31:39Z|(GMT-07:00) America/Boise|United Kingdom|0|8|0|2|[43.599329413846135, -116.19171713478863]|[43.61643746495247, -116.15900608710945]|3.44|6.053|87.1|19|132.2|151.0|6.0
6840403360|nice lil dub|8150.8|2140|2191|9.0|Run|0|2022-03-17T21:10:11Z|(GMT-07:00) America/Boise|United Kingdom|0|23|0|4|[43.610212309286, -116.19180397130549]|[43.60965642146766, -116.1922818236053]|3.809|5.025|86.1|18|151.4|166.0|30.0
6838882692|Classic loop but the wrong way round |14509.6|4035|4526|188.0|Run|0|2022-03-17T14:31:40Z|(GMT-07:00) America/Boise|United Kingdom|0|32|0|4|[43.59943653456867, -116.19166089221835]|[43.59938381239772, -116.19165712036192]|3.596|6.674|86.8|11|150.5|167.0|52.0
6833547175|fOoThIlLs OnLy|19342.9|5187|5544|28.0|Run|2|2022-03-16T14:20:22Z|(GMT-07:00) America/Boise|United Kingdom|3|45|0|4|[43.59920519404113, -116.19167941622436]|[43.599072843790054, -116.19166818447411]|3.729|7.81|87.4|10|156.3|173.0|102.0
6830228759|WD|3317.5|1007|1052|16.0|Run|0|2022-03-15T21:52:35Z|(GMT-07:00) America/Boise|United Kingdom|0|13|0|2|[43.610027907416224, -116.19177689775825]|[43.6100912746042, -116.19182333350182]|3.294|4.792|87.3|17|150.3|161.0|13.0
6830138034|4 x 2k, 1k |15244.7|2946|3010|10.0|Run|3|2022-03-15T20:52:44Z|(GMT-07:00) America/Boise|United Kingdom|0|51|0|10|[43.60957955941558, -116.19167271070182]|[43.60971593298018, -116.19179491885006]|5.175|7.78|90.6|17|152.6|174.0|45.0
6830135764|WU|5121.1|1337|2276|42.0|Run|0|2022-03-15T20:11:09Z|(GMT-07:00) America/Boise|United Kingdom|0|19|0|12|[43.61001483164728, -116.1917204875499]|[43.609265740960836, -116.19091372936964]|3.83|7.322|87.7|21|141.3|155.0|8.0
6828022159|wet wet |6506.8|1738|1738|7.0|Run|0|2022-03-15T14:32:15Z|(GMT-07:00) America/Boise|United Kingdom|0|26|1|2|[43.59950660727918, -116.19161009788513]|[43.59940686263144, -116.1916306335479]|3.744|6.164|87.8|20|127.2|148.0|6.0
6824919903|sprints |8269.2|2117|2974|61.0|Run|0|2022-03-14T21:12:46Z|(GMT-07:00) America/Boise|United Kingdom|0|30|0|6|[43.61000619828701, -116.19160230271518]|[43.609289545565844, -116.19223832152784]|3.906|9.266|86.8|20|149.4|167.0|26.0
6823122723|MMMM|16463.6|4533|5154|197.0|Run|0|2022-03-14T14:19:48Z|(GMT-07:00) America/Boise|United Kingdom|5|41|0|6|[43.59909706749022, -116.191366603598]|[43.5996628459543, -116.19189198128879]|3.632|5.802|87.5|13|143.6|165.0|44.0
6819431150|El Classico |9704.6|2627|3270|12.0|Run|0|2022-03-13T17:01:52Z|(GMT-07:00) America/Boise|United Kingdom|1|39|0|3|[43.59939068555832, -116.19162049144506]|[43.59909597784281, -116.1915785819292]|3.694|5.594|88.0|16|140.6|166.0|15.0
6813872052|Long and strong üêõ|30835.1|7400|7679|66.0|Run|2|2022-03-12T16:05:58Z|(GMT-07:00) America/Boise|United Kingdom|13|70|1|3|[43.61009521409869, -116.19190212339163]|[43.61018347553909, -116.19194948114455]|4.167|6.14|88.0|16|153.6|179.0|121.0
6809333399|WD|3832.2|1089|1089|19.0|Run|0|2022-03-11T22:46:48Z|(GMT-07:00) America/Boise|United Kingdom|0|11|0|6|[43.61613538116217, -116.15988409146667]|[43.61014894209802, -116.19186834432185]|3.519|4.739|86.4|16|156.2|169.0|21.0
6809333134|20 of the finest 1 min hill reps üê∫|13690.6|3244|3248|157.0|Run|3|2022-03-11T21:46:46Z|(GMT-07:00) America/Boise|United Kingdom|0|46|0|15|[43.61607737839222, -116.15990412421525]|[43.61603932455182, -116.15990278311074]|4.22|8.464|90.3|14|154.4|167.0|56.0
6809331849|WU|5130.1|1390|1812|100.0|Run|0|2022-03-11T21:14:10Z|(GMT-07:00) America/Boise|United Kingdom|1|13|0|10|[43.610012736171484, -116.19171218946576]|[43.61614443361759, -116.15986506454647]|3.691|6.987|86.9|18|148.2|162.0|16.0
6807828472|Hills later |6490.0|1707|1707|6.0|Run|0|2022-03-11T15:31:45Z|(GMT-07:00) America/Boise|United Kingdom|3|21|0|2|[43.59936537221074, -116.19159978814423]|[43.5996335092932, -116.19125462137163]|3.802|4.753|87.4|16|147.5|161.0|18.0
6804841154|Double.|8223.6|2249|2269|11.0|Run|0|2022-03-10T22:10:43Z|(GMT-07:00) America/Boise|United Kingdom|0|32|0|6|[43.609998235479, -116.19158771820366]|[43.60909533686936, -116.19159459136426]|3.657|5.514|86.5|15|149.7|167.0|27.0
6803704449|10 boys out this am! wowza|14437.9|3945|4114|232.0|Run|0|2022-03-10T15:32:49Z|(GMT-07:00) America/Boise|United Kingdom|6|40|0|8|[43.599399318918586, -116.19165644980967]|[43.5994226206094, -116.19160003960133]|3.66|5.848|87.2|10|151.3|170.0|54.0
6798339115|Absolute grind |19550.4|5400|5651|239.4|Run|0|2022-03-09T15:19:57Z|(GMT-07:00) America/Boise|United Kingdom|3|45|0|2|[43.59915456734598, -116.19156450033188]|[43.599694361910224, -116.19206313975155]|3.62|5.262|86.9|14|148.8|170.0|68.0
6794535694|WD|2105.0|621|779|6.0|Run|0|2022-03-08T22:32:31Z|(GMT-07:00) America/Boise|United Kingdom|0|7|0|6|[43.60427565872669, -116.1929327622056]|[43.609619457274675, -116.19195434264839]|3.39|4.228|87.1|13|156.8|168.0|12.0
6794500646|10mi progression |16100.9|3193|3202|29.0|Run|3|2022-03-08T21:36:36Z|(GMT-07:00) America/Boise|United Kingdom|5|60|0|6|[43.6037537176162, -116.19224360212684]|[43.60402529127896, -116.19253084994853]|5.043|6.96|91.4|13|156.7|174.0|62.0
6794499178|WU|3231.9|876|1338|3.0|Run|0|2022-03-08T21:10:20Z|(GMT-07:00) America/Boise|United Kingdom|0|12|0|5|[43.6096681561321, -116.19177220389247]|[43.60380141064525, -116.19223991408944]|3.689|5.115|86.4|16|140.6|154.0|4.0
6793969993|Dub|6450.9|1784|1784|8.0|Run|0|2022-03-08T15:31:44Z|(GMT-07:00) America/Boise|United Kingdom|0|24|0|4|[43.599287336692214, -116.1911337543279]|[43.59964935109019, -116.19173146784306]|3.616|5.491|87.4|17|148.6|164.0|19.0
6789403644|Striders |7110.0|1790|2823|66.0|Run|0|2022-03-07T22:08:54Z|(GMT-07:00) America/Boise|United Kingdom|0|23|0|8|[43.61007400788367, -116.19165594689548]|[43.60919835045934, -116.19235491380095]|3.972|8.666|87.1|21|143.1|169.0|14.0
6787789187|The council was 9 deep this am|16303.5|4415|4616|217.1|Run|0|2022-03-07T15:33:26Z|(GMT-07:00) America/Boise|United Kingdom|6|45|0|6|[43.59957743436098, -116.19170757941902]|[43.59915138222277, -116.19158277288079]|3.693|7.086|87.5|10|153.5|172.0|76.0
6784214923|debrief |11370.5|2887|3129|12.0|Run|0|2022-03-06T18:33:00Z|(GMT-07:00) America/Boise|United Kingdom|0|50|0|3|[43.59930803999305, -116.1916390992701]|[43.59963795170188, -116.19217042811215]|3.939|7.472|87.9|17|147.9|175.0|36.0
6778103876|big boise loop|29531.6|7139|7538|66.0|Run|2|2022-03-05T16:17:51Z|(GMT-07:00) America/Boise|United Kingdom|12|53|2|3|[43.6101689748466, -116.19183951057494]|[43.61009848304093, -116.19197647087276]|4.137|6.098|88.1|11|157.4|175.0|148.0
6773518758|WD|3792.7|1073|1073|18.0|Run|0|2022-03-04T22:44:06Z|(GMT-07:00) America/Boise|United Kingdom|0|7|0|10|[43.61607410944998, -116.15983723662794]|[43.6102847289294, -116.19173230603337]|3.535|4.324|86.7|15|152.6|162.0|16.0
6773518231|20 x 1 min hills ü¶Å|13005.5|3084|3117|147.2|Run|3|2022-03-04T21:45:33Z|(GMT-07:00) America/Boise|United Kingdom|0|44|0|14|[43.61603572033346, -116.15986338816583]|[43.61602901481092, -116.15997981280088]|4.217|7.682|89.4|13|155.8|168.0|59.0
6773516431|WU|4922.1|1343|1431|95.0|Run|0|2022-03-04T21:12:51Z|(GMT-07:00) America/Boise|United Kingdom|0|9|0|13|[43.6100653745234, -116.19176692329347]|[43.61627007834613, -116.15926936268806]|3.665|4.952|87.2|20|151.9|172.0|20.0
6771989782|Dub|6446.1|1781|1781|9.0|Run|0|2022-03-04T15:33:35Z|(GMT-07:00) America/Boise|United Kingdom|2|23|0|4|[43.59939822927117, -116.19167773984373]|[43.59940007328987, -116.19113459251821]|3.619|4.964|86.9|16|154.7|164.0|31.0
6769329173|A lovely little Micheal Doubl√©|8237.8|2118|2164|9.0|Run|0|2022-03-03T22:10:54Z|(GMT-07:00) America/Boise|United Kingdom|2|20|0|3|[43.61007710918784, -116.19179466739297]|[43.60956212505698, -116.19180070236325]|3.889|5.078|86.7|19|152.4|167.0|30.0
6767362813|Switchbacks first is the way to go |14381.4|3917|4055|202.0|Run|0|2022-03-03T15:31:11Z|(GMT-07:00) America/Boise|United Kingdom|3|37|0|3|[43.59931893646717, -116.19168335571885]|[43.59996618703008, -116.19222826324403]|3.672|5.78|87.0|14|156.9|177.0|78.0
6764316662|big boi season|18302.4|4949|5291|196.0|Run|0|2022-03-02T15:19:10Z|(GMT-07:00) America/Boise|United Kingdom|1|32|0|5|[43.599248360842466, -116.19162476621568]|[43.59915993176401, -116.1915878020227]|3.698|5.438|87.2|15|153.3|169.0|85.0
6759236430|Some dece hillage |13756.7|3600|3719|237.1|Run|0|2022-03-01T20:45:28Z|(GMT-07:00) America/Boise|United Kingdom|6|35|0|5|[43.61001290380955, -116.19169911369681]|[43.60931904986501, -116.19101875461638]|3.821|4.926|86.8|19|158.2|190.0|75.0
6757421857|Latest double in a while |7635.4|1873|2054|11.0|Run|0|2022-03-01T17:18:37Z|(GMT-07:00) America/Boise|United Kingdom|2|25|0|1|[43.59935129061341, -116.19103032164276]|[43.5995230358094, -116.19172107428312]|4.077|5.304|87.2|14|151.3|166.0|25.0
6753637557|Sprints |7035.7|1808|2704|25.0|Run|0|2022-02-28T22:08:57Z|(GMT-07:00) America/Boise|United Kingdom|1|23|0|6|[43.610093453899026, -116.1918690148741]|[43.60916188918054, -116.19225944392383]|3.891|8.432|87.2|20|140.0|167.0|14.0
6752165641|The council |13503.5|3757|4140|181.0|Run|0|2022-02-28T16:01:21Z|(GMT-07:00) America/Boise|United Kingdom|0|31|0|4|[43.599324468523264, -116.19154999963939]|[43.599692517891526, -116.19202550500631]|3.594|5.626|86.9|18|153.3|169.0|60.0
6744535172|Afternoon Run|3226.9|1005|1005|13.0|Run||2022-02-26T21:16:30Z|(GMT-07:00) America/Denver|United Kingdom|0|15|0|5|[35.087259812280536, -106.64875105954707]|[35.08751453831792, -106.64865399710834]|3.211|4.127|86.3|20|154.0|170.0|16.0
6743070301|Conference 3000|3000.0|510|510|0|Run|1|2022-02-26T14:00:00Z|(GMT+00:00) Europe/London|United Kingdom|0|47|0|1|[]|[]|5.882|0|||||
6742716343|WU|3266.0|928|930|9.0|Run|0|2022-02-26T19:55:26Z|(GMT-07:00) America/Denver|United Kingdom|0|8|0|1|[35.0870974548161, -106.64886245504022]|[35.08728546090424, -106.64863480255008]|3.519|5.174|86.3|22|141.6|154.0|5.0
6741274892|Shake oot |2606.3|722|722|19.0|Run|0|2022-02-26T14:59:16Z|(GMT-07:00) America/Denver|United Kingdom|0|9|0|3|[35.10462988168001, -106.5674932859838]|[35.10467045009136, -106.56726756133139]|3.61|5.018|87.2|21|131.2|139.0|2.0
6738209767|Conference 5000m - 10th|5000.0|879|879|0|Run|1|2022-02-25T17:45:10Z|(GMT+00:00) Europe/London|United Kingdom|0|61|1|1|[]|[]|5.688|0|||||
6738206130|WD|3186.9|1018|1159|4.0|Run|0|2022-02-26T00:39:15Z|(GMT-07:00) America/Denver|United Kingdom|0|8|1|6|[35.08724447339773, -106.64879875257611]|[35.08688027970493, -106.6488098166883]|3.131|5.757|86.3|19|149.5|166.0|12.0
6737955047|WU|3320.3|912|1162|3.0|Run|0|2022-02-25T23:08:13Z|(GMT-07:00) America/Denver|United Kingdom|0|11|0|5|[35.08696376346052, -106.64886010810733]|[35.08737062104046, -106.64736058562994]|3.641|5.572|87.2|23|148.7|161.0|10.0
6736745922|Shake oot|2734.6|747|747|25.0|Run|0|2022-02-25T17:05:03Z|(GMT-07:00) America/Denver|United Kingdom|0|32|0|5|[35.10455260053277, -106.56754952855408]|[35.10473666712642, -106.56737183220685]|3.661|4.338|87.9|21|143.4|157.0|5.0
6733573282|Pre meet|7729.0|2029|3713|5.0|Run|0|2022-02-24T21:52:30Z|(GMT-07:00) America/Denver|United Kingdom|0|20|0|8|[35.086323134601116, -106.64808738045394]|[35.08639991283417, -106.64819098077714]|3.809|7.845|87.1|22|147.5|166.0|21.0
6727077050|Shrinkage |10785.9|2910|2966|15.0|Run|0|2022-02-23T15:33:56Z|(GMT-07:00) America/Boise|United Kingdom|0|29|1|5|[43.599611883983016, -116.19162652641535]|[43.59961322508752, -116.19168193079531]|3.706|5.098|88.0|9|149.9|170.0|40.0
6723595094|WD|2386.1|655|655|29.0|Run|0|2022-02-22T22:16:21Z|(GMT-07:00) America/Boise|United Kingdom|0|9|0|7|[43.60957880504429, -116.1917500756681]|[43.60941166989505, -116.19213748723269]|3.643|4.344|87.1|6|149.6|164.0|7.0
6723558539|Premeet |6105.5|1177|1233|6.0|Run|3|2022-02-22T21:49:23Z|(GMT-07:00) America/Boise|United Kingdom|0|32|0|6|[43.6095854267478, -116.19167849421501]|[43.608559649437666, -116.19119091890752]|5.187|7.903|91.1|7|153.5|171.0|18.0
6723557799|WU|5122.0|1341|2113|38.0|Run|0|2022-02-22T21:10:48Z|(GMT-07:00) America/Boise|United Kingdom|0|13|0|7|[43.609968312084675, -116.19169944897294]|[43.60916540957987, -116.1907962989062]|3.82|7.493|87.3|16|140.7|153.0|8.0
6721644707|Morning Run|6447.6|1749|1814|6.0|Run||2022-02-22T15:32:33Z|(GMT-07:00) America/Boise|United Kingdom|0|23|0|3|[43.599335700273514, -116.19163365103304]|[43.59924852848053, -116.19108027778566]|3.686|5.423|87.9|11|150.2|166.0|25.0
6718542497|Sprints |6668.6|1686|2841|53.0|Run|0|2022-02-21T22:09:09Z|(GMT-07:00) America/Boise|United Kingdom|0|20|0|9|[43.61011457629502, -116.1917152069509]|[43.60914093442261, -116.19221728295088]|3.955|8.984|88.4|13|137.0|159.0|10.0
6716666732|Conference week baby |13116.3|3513|3892|17.0|Run|0|2022-02-21T15:32:44Z|(GMT-07:00) America/Boise|United Kingdom|2|35|0|4|[43.59920100308955, -116.19158185087144]|[43.59981003217399, -116.19222700595856]|3.734|5.292|86.7|19|126.2|144.0|12.0
6712740175|Some dirt to round out the week|8058.1|2198|2249|12.0|Run|0|2022-02-20T16:32:37Z|(GMT-07:00) America/Boise|United Kingdom|0|20|0|4|[43.59933662228286, -116.19167363271117]|[43.59970693476498, -116.19109611958265]|3.666|6.429|87.2|15|151.2|163.0|31.0
6707559658|Table rock ü™®|18247.4|5420|5731|366.1|Run|2|2022-02-19T16:08:10Z|(GMT-07:00) America/Boise|United Kingdom|0|45|1|9|[43.610042, -116.191767]|[43.609482, -116.192014]|3.367|5.313|||||
6703495509|WD|5325.6|1477|1487|12.0|Run|0|2022-02-18T22:17:40Z|(GMT-07:00) America/Boise|United Kingdom|0|15|0|6|[43.61018842086196, -116.19184730574489]|[43.61025053076446, -116.1918497364968]|3.606|4.582|87.0|20|147.5|157.0|13.0
6703308226|2 x 5 x 300m [60s] üöÅ|4946.1|1259|1284|10.0|Run|3|2022-02-18T21:47:37Z|(GMT-07:00) America/Boise|United Kingdom|0|32|0|12|[43.60954402014613, -116.19160003960133]|[43.60953220166266, -116.19136995635927]|3.929|8.023|86.0|19|137.4|153.0|5.0
6703212767|WU|5166.5|1388|2107|39.0|Run|0|2022-02-18T21:09:55Z|(GMT-07:00) America/Boise|United Kingdom|0|15|2|13|[43.610213566571474, -116.19191377423704]|[43.60913364216685, -116.19063142687082]|3.722|7.732|86.5|20|141.6|156.0|8.0
6701940241|The perfect 4 mile loop|6473.4|1722|1722|8.0|Run|0|2022-02-18T15:32:01Z|(GMT-07:00) America/Boise|United Kingdom|3|23|0|2|[43.59927233308554, -116.191564835608]|[43.59960719011724, -116.19101607240736]|3.759|5.014|86.8|18|130.6|140.0|6.0
6699116424|A little Micheal Doubl√©|6444.9|1728|1787|13.0|Run|0|2022-02-17T22:10:34Z|(GMT-07:00) America/Boise|United Kingdom|2|28|0|9|[43.610217589884996, -116.1917685996741]|[43.60955223441124, -116.19195467792451]|3.73|5.332|86.7|17|149.6|172.0|22.0
6697399238|5757|13129.2|3477|3728|24.0|Run|0|2022-02-17T15:32:34Z|(GMT-07:00) America/Boise|United Kingdom|0|24|0|5|[43.59923302195966, -116.19158126413822]|[43.599421279504895, -116.19164630770683]|3.776|4.898|87.1|14|134.6|153.0|14.0
6692595896|Hump day |16567.2|4593|4795|24.0|Run|0|2022-02-16T15:31:29Z|(GMT-07:00) America/Boise|United Kingdom|0|39|0|3|[43.59918926842511, -116.19159249588847]|[43.59985898248851, -116.19217562489212]|3.607|5.73|86.8|11|147.7|162.0|46.0
6689166839|WD|2096.4|601|601|0.0|Run|0|2022-02-15T22:37:05Z|(GMT-07:00) America/Boise|United Kingdom|0|10|0|4|[43.60959330573678, -116.19188292883337]|[43.60931460745633, -116.19143122807145]|3.488|4.48|86.4|14|145.4|155.0|4.0
6689159161|Fartlek ü¶û|10749.8|2323|2589|35.0|Run|3|2022-02-15T21:45:58Z|(GMT-07:00) America/Boise|United Kingdom|3|43|0|5|[43.60379671677947, -116.19244669564068]|[43.60848312266171, -116.19115890003741]|4.628|8.438|90.5|12|153.1|168.0|38.0
6689044753|WU|4539.2|1221|2006|9.0|Run|0|2022-02-15T21:10:47Z|(GMT-07:00) America/Boise|United Kingdom|0|11|0|3|[43.61010493710637, -116.19187555275857]|[43.60329195857048, -116.19191804900765]|3.718|7.418|87.2|20|149.7|165.0|15.0
6687182155|Slick |6465.0|1741|1741|5.0|Run|0|2022-02-15T15:32:53Z|(GMT-07:00) America/Boise|United Kingdom|2|23|0|3|[43.59928716905415, -116.19160305708647]|[43.59965505078435, -116.19101624004543]|3.713|6.102|87.6|18|151.5|170.0|24.0
6684651132|Monday sprints |7015.0|1859|2888|49.0|Run|0|2022-02-14T22:10:52Z|(GMT-07:00) America/Boise|United Kingdom|1|23|0|6|[43.610177440568805, -116.1918676737696]|[43.60926993191242, -116.1922577675432]|3.774|8.234|87.3|20|142.6|166.0|16.0
6682581803|He‚Äôs back!|13156.0|3600|3923|17.0|Run|0|2022-02-14T15:27:23Z|(GMT-07:00) America/Boise|United Kingdom|2|41|0|4|[43.599325558170676, -116.19164329022169]|[43.599708108231425, -116.1921523232013]|3.654|5.994|87.0|19|133.0|149.0|14.0
6678860495|Good to be back in the footies|21656.8|6008|6426|345.2|Run|2|2022-02-13T16:28:37Z|(GMT-07:00) America/Boise|United Kingdom|6|50|1|6|[43.59944055788219, -116.1915893945843]|[43.599078711122274, -116.19156885892153]|3.605|5.745|87.3|17|130.9|169.0|26.0
6673316755|Bloody lovely spot for some jogging |14019.2|3845|4087|46.0|Run|0|2022-02-12T18:08:50Z|(GMT-08:00) America/Los_Angeles|United Kingdom|12|47|0|4|[47.661557011306286, -122.31443454511464]|[47.66202187165618, -122.31433161534369]|3.646|6.148|87.1|18|126.6|139.0|13.0
6672771562|Husky invite 5000|5000.0|860|860|0|Run|1|2022-02-11T18:00:00Z|(GMT+00:00) Europe/London|United Kingdom|0|57|3|1|[]|[]|5.814|0|||||
6669070859|WD|4035.5|1289|5674|20.0|Run|0|2022-02-12T01:55:06Z|(GMT-08:00) America/Los_Angeles|United Kingdom|0|15|0|2|[47.652390310540795, -122.3007254395634]|[47.65248787589371, -122.30011699721217]|3.131|9.94|85.8|16|149.7|171.0|16.0
6669070450|WU|4306.3|1183|1225|11.0|Run|0|2022-02-12T01:20:03Z|(GMT-08:00) America/Los_Angeles|United Kingdom|6|13|0|2|[47.652899427339435, -122.3002291470766]|[47.65224329195917, -122.2998184338212]|3.64|4.373|85.8|18|148.0|166.0|15.0
6669070235|Shake oot |2101.9|631|659|18.0|Run|0|2022-02-11T18:02:50Z|(GMT-08:00) America/Los_Angeles|United Kingdom|0|10|0|3|[47.66133799217641, -122.31390371918678]|[47.66180008649826, -122.3144259955734]|3.331|5.54|86.9|20|124.1|141.0|2.0
6663973088|Shake oot|3238.7|913|931|34.0|Run|0|2022-02-11T00:20:05Z|(GMT-08:00) America/Los_Angeles|United Kingdom|0|17|0|1|[47.66140622086823, -122.31380841694772]|[47.66129666939378, -122.31394755654037]|3.547|5.152|86.1|20|148.0|162.0|9.0
6661810862|Pre meet |7562.3|2162|3048|23.0|Run|0|2022-02-10T15:47:01Z|(GMT-07:00) America/Boise|United Kingdom|0|32|0|3|[43.5994519572705, -116.19161152280867]|[43.599497471004725, -116.19161973707378]|3.498|8.078|87.0|12|140.5|164.0|15.0
6656350990|Morning dirt |11274.0|3044|3155|16.0|Run|0|2022-02-09T15:01:21Z|(GMT-07:00) America/Boise|United Kingdom|0|26|0|3|[43.599386997520924, -116.19161487556994]|[43.59915758483112, -116.19165611453354]|3.704|6.122|87.2|15|133.9|155.0|15.0
6653010269|WD|3219.5|959|1143|8.0|Run|0|2022-02-08T22:21:22Z|(GMT-07:00) America/Boise|United Kingdom|0|9|0|6|[43.61010879278183, -116.19191888719797]|[43.60944779589772, -116.19209700264037]|3.357|4.062|87.4|14|148.0|158.0|10.0
6652987506|Premeet üò∏|7274.0|1590|1601|12.0|Run|3|2022-02-08T21:50:01Z|(GMT-07:00) America/Boise|United Kingdom|0|35|0|12|[43.60958752222359, -116.19163943454623]|[43.60975884832442, -116.19196498766541]|4.575|8.588|90.6|15|143.0|167.0|10.0
6652986593|WU|5010.4|1319|2215|50.0|Run|0|2022-02-08T21:11:05Z|(GMT-07:00) America/Boise|United Kingdom|0|9|0|11|[43.610179955139756, -116.19186323136091]|[43.60936959274113, -116.19107474572957]|3.799|7.05|87.3|15|135.9|155.0|6.0
6650892190|bridge2bridge |6489.9|1722|1805|17.0|Run|0|2022-02-08T15:34:15Z|(GMT-07:00) America/Boise|United Kingdom|2|27|0|3|[43.59932287596166, -116.19100836105645]|[43.59943167306483, -116.19110844098032]|3.769|5.458|87.9|15|148.4|167.0|18.0
6647594278|Sprintos |6717.1|1724|2839|73.0|Run|0|2022-02-07T22:08:40Z|(GMT-07:00) America/Boise|United Kingdom|0|24|0|10|[43.61009621992707, -116.19184898212552]|[43.609277894720435, -116.19228567928076]|3.896|8.602|88.8|19|143.0|160.0|13.0
6647308263|Optional practical training |13526.3|3509|3622|27.0|Run|0|2022-02-07T16:36:50Z|(GMT-07:00) America/Boise|United Kingdom|0|25|0|1|[43.59921106137335, -116.191625604406]|[43.5993483569473, -116.19166064076126]|3.855|6.424|86.9|17|130.8|142.0|13.0
6641861419|It‚Äôs been a while |13513.7|3491|3764|33.0|Run|0|2022-02-06T16:57:12Z|(GMT-07:00) America/Boise|United Kingdom|2|51|0|4|[43.59945765696466, -116.19157279841602]|[43.59916538000107, -116.19157187640667]|3.871|5.344|87.5|13|152.7|166.0|59.0
6637075082|False alarm üö®|13560.4|3727|4056|167.0|Run|0|2022-02-05T19:41:07Z|(GMT-07:00) America/Boise|United Kingdom|0|68|1|4|[43.59931642189622, -116.19157330133021]|[43.599564861506224, -116.191720739007]|3.638|4.837|86.4|19|149.1|163.0|42.0
6620789399|Lovely stuff |16630.0|4418|4804|30.0|Run|0|2022-02-02T15:14:20Z|(GMT-07:00) America/Boise|United Kingdom|0|37|2|2|[43.599331425502896, -116.19160414673388]|[43.59946553595364, -116.19157690554857]|3.764|5.087|87.5|8|144.1|179.0|34.0
6617407952|WD|3007.0|810|810|35.0|Run|0|2022-02-01T22:40:48Z|(GMT-07:00) America/Boise|United Kingdom|0|8|0|3|[43.60962901264429, -116.19181687943637]|[43.60939289443195, -116.1912733130157]|3.712|4.546|87.6|7|152.8|167.0|12.0
6617407584|6 x K, 2 x 400 üõ∏|9805.8|2206|2323|17.0|Run|3|2022-02-01T21:56:17Z|(GMT-07:00) America/Boise|United Kingdom|1|46|2|6|[43.60958743840456, -116.19163792580366]|[43.609732780605555, -116.19185878895223]|4.445|8.408|91.0|10|150.8|166.0|27.0
6617406332|WU|5108.7|1353|2370|49.0|Run|0|2022-02-01T21:13:57Z|(GMT-07:00) America/Boise|United Kingdom|0|12|0|11|[43.610164197161794, -116.19187630712986]|[43.60936900600791, -116.19111145846546]|3.776|7.558|87.5|16|142.7|158.0|9.0
6615267091|Morning Run|6503.6|1737|1753|9.0|Run||2022-02-01T15:31:07Z|(GMT-07:00) America/Boise|United Kingdom|3|20|1|3|[43.599367970600724, -116.19159894995391]|[43.59953636303544, -116.19107105769217]|3.744|5.894|87.6|11|154.5|167.0|30.0
6612695515|Sprints |6781.4|1813|2792|69.0|Run|0|2022-01-31T22:08:53Z|(GMT-07:00) America/Boise|United Kingdom|0|31|0|7|[43.610064033418894, -116.1917862854898]|[43.60919122584164, -116.19227260351181]|3.74|8.532|86.8|20|132.1|164.0|7.0
6610386459|8mile|13139.9|3523|3658|18.0|Run|0|2022-01-31T15:33:19Z|(GMT-07:00) America/Boise|United Kingdom|3|42|0|5|[43.59925255179405, -116.19163499213755]|[43.59954675659537, -116.19104742072523]|3.73|4.756|87.4|7|159.6|195.0|79.0
6606532964|Weekend debrief |22301.2|5786|6052|41.0|Run|2|2022-01-30T16:02:31Z|(GMT-07:00) America/Boise|United Kingdom|2|55|1|7|[43.599188178777695, -116.19155611842871]|[43.599369479343295, -116.19164186529815]|3.854|6.09|88.2|7|133.4|153.0|24.0
6601180340|UW Invite 3000 - 8:13|3000.0|493|493|0|Run|1|2022-01-29T11:47:06Z|(GMT+00:00) Europe/London|United Kingdom|0|87|2|1|[]|[]|6.085|0|||||
6601190230|WD|8049.2|1979|3612|21.0|Run|0|2022-01-29T18:52:59Z|(GMT-08:00) America/Los_Angeles|United Kingdom|0|20|0|5|[47.65257672406733, -122.30015002191067]|[47.65640373341739, -122.29949053376913]|4.067|6.198|89.3|15|148.6|168.0|23.0
6601164700|WU|4408.6|1169|2459|5.0|Run|0|2022-01-29T17:24:55Z|(GMT-08:00) America/Los_Angeles|United Kingdom|0|8|0|3|[47.65226734802127, -122.29977074079216]|[47.65229224227369, -122.29985288344324]|3.771|5.612|87.2|18|150.8|167.0|16.0
6601163799|Shake oot|2062.1|604|607|21.0|Run|0|2022-01-29T14:31:31Z|(GMT-08:00) America/Los_Angeles|United Kingdom|0|10|0|1|[47.662016758695245, -122.31446648016572]|[47.661979207769036, -122.31428543105721]|3.414|9.006|87.0|19|153.4|166.0|9.0
6595778007|Premeet |8243.4|2322|3880|85.0|Run|0|2022-01-28T18:03:24Z|(GMT-08:00) America/Los_Angeles|United Kingdom|15|34|1|4|[47.6613022852689, -122.31407127343118]|[47.66143765300512, -122.31426204554737]|3.55|7.806|86.8|18|136.6|155.0|11.0
6592367479|per diem ü§ë|5848.4|1669|1776|66.0|Run|0|2022-01-28T00:11:13Z|(GMT-08:00) America/Los_Angeles|United Kingdom|2|29|1|4|[47.661504708230495, -122.31416238471866]|[47.661482160910964, -122.3140081577003]|3.504|5.473|86.4|18|135.3|148.0|6.0
6590204949|Turf laps |11181.9|3007|3393|27.0|Run|0|2022-01-27T15:32:39Z|(GMT-07:00) America/Boise|United Kingdom|0|39|0|4|[43.59943754039705, -116.19160238653421]|[43.59931415878236, -116.19161831215024]|3.719|5.521|87.3|9|150.3|163.0|38.0
6589860219|A classic Wednesday 10|16416.7|4449|4865|39.0|Run|0|2022-01-26T15:14:02Z|(GMT-07:00) America/Boise|United Kingdom|0|30|0|3|[43.59947333112359, -116.19166952557862]|[43.599610794335604, -116.19142561219633]|3.69|7.637|88.1|3|154.9|181.0|82.0
6581824842|WD|2403.4|662|662|41.0|Run|0|2022-01-25T22:21:33Z|(GMT-07:00) America/Boise|United Kingdom|0|10|0|3|[43.609556341543794, -116.19183716364205]|[43.609526082873344, -116.19205911643803]|3.63|4.616|87.3|7|156.5|165.0|13.0
6581824472|Standard premeet seshwoin|6956.3|1365|1588|10.0|Run|3|2022-01-25T21:49:24Z|(GMT-07:00) America/Boise|United Kingdom|0|48|1|10|[43.609586264938116, -116.19162476621568]|[43.609748370945454, -116.19188980199397]|5.096|7.826|90.2|9|147.6|162.0|14.0
6581823569|WU|5001.6|1335|2331|43.0|Run|0|2022-01-25T21:09:42Z|(GMT-07:00) America/Boise|United Kingdom|0|14|0|10|[43.61017291434109, -116.19187236763537]|[43.609605291858315, -116.19157388806343]|3.746|6.836|87.6|17|146.9|163.0|14.0
6579649037|Golf loopage |6677.4|1778|1801|15.0|Run|0|2022-01-25T15:02:23Z|(GMT-07:00) America/Boise|United Kingdom|0|27|0|2|[43.59928876161575, -116.19158998131752]|[43.59999996609986, -116.19101020507514]|3.756|5.222|88.0|8|152.5|165.0|28.0
6577130025|Turf and sprints |7426.8|2101|2982|79.0|Run|0|2022-01-24T22:06:58Z|(GMT-07:00) America/Boise|United Kingdom|0|21|0|5|[43.609512923285365, -116.19181419722736]|[43.60912526026368, -116.19230395182967]|3.535|8.746|83.3|16|127.6|143.0|7.0
6574643384|Race week ü§ë|13534.1|3600|3732|20.0|Run|0|2022-01-24T15:00:49Z|(GMT-07:00) America/Boise|United Kingdom|3|41|0|2|[43.59935657121241, -116.19165921583772]|[43.59914794564247, -116.19164111092687]|3.759|5.76|87.6|18|127.1|146.0|13.0
6570757611|Good stuff|10318.2|2726|2852|19.0|Run|0|2022-01-23T17:01:58Z|(GMT-07:00) America/Boise|United Kingdom|0|45|0|5|[43.59950099140406, -116.19161537848413]|[43.59955572523177, -116.19181159883738]|3.785|5.818|88.1|16|153.8|168.0|46.0
6565080204|A very pleasant loops with some very pleasant boys |20149.3|5405|5557|81.0|Run|2|2022-01-22T16:08:28Z|(GMT-07:00) America/Boise|United Kingdom|0|54|0|8|[43.61015799455345, -116.19181151501834]|[43.610167382285, -116.19188359938562]|3.728|5.454||16|||
6560360803|Afternoon Run|2699.6|766|766|39.0|Run||2022-01-21T22:33:22Z|(GMT-07:00) America/Boise|United Kingdom|0|8|0|3|[43.609511414542794, -116.19165234267712]|[43.609518287703395, -116.19204302318394]|3.524|4.528|87.2|11|140.0|150.0|3.0
6560360373|Winter speed ü§ó|7893.8|1775|2058|28.0|Run|3|2022-01-21T21:50:02Z|(GMT-07:00) America/Boise|United Kingdom|0|40|4|6|[43.60959556885064, -116.19167069904506]|[43.60923280008137, -116.19102537631989]|4.447|9.16|89.4|11|143.1|156.0|11.0
6560359096|Wu|4095.8|1169|1425|6.0|Run|0|2022-01-21T21:14:36Z|(GMT-07:00) America/Boise|United Kingdom|0|9|0|10|[43.610064117237926, -116.19182417169213]|[43.60973705537617, -116.19191771373153]|3.504|6.31|86.7|18|130.7|145.0|4.0
6558846633|icy and spicy |6454.5|1839|1967|4.0|Run|0|2022-01-21T15:32:43Z|(GMT-07:00) America/Boise|United Kingdom|0|23|0|4|[43.59933813102543, -116.19101498275995]|[43.59913310967386, -116.19103895500302]|3.51|4.953|87.3|12|127.6|142.0|6.0
6555828716|Snowy turf and track laps with Milarvie |6535.0|1684|1684|12.0|Run|0|2022-01-20T22:05:47Z|(GMT-07:00) America/Boise|United Kingdom|0|37|0|6|[43.609468499198556, -116.19182651862502]|[43.60960981808603, -116.19152829051018]|3.881|4.796|87.1|17|152.0|168.0|24.0
6555249925|Not 8 or 10 miles, wow|10112.5|2768|2827|20.0|Run|0|2022-01-20T15:32:55Z|(GMT-07:00) America/Boise|United Kingdom|0|34|0|3|[43.599617164582014, -116.19157740846276]|[43.59953787177801, -116.19187077507377]|3.653|5.237|87.0|7|156.7|168.0|55.0
6549109618|Mid week hump|16711.1|4500|4611|37.0|Run|0|2022-01-19T15:02:35Z|(GMT-07:00) America/Boise|United Kingdom|2|28|0|3|[43.599247774109244, -116.19162082672119]|[43.59943712130189, -116.19166449643672]|3.714|5.398|87.3|18|131.1|159.0|18.0
6545807012|WD|2323.5|685|690|10.0|Run|0|2022-01-18T22:49:08Z|(GMT-07:00) America/Boise|United Kingdom|0|11|0|9|[43.6096425075084, -116.19186390191317]|[43.609066754579544, -116.1920571886003]|3.392|4.063|87.5|11|144.9|153.0|4.0
6545806591|Daaaaamage|13919.8|2636|2896|23.0|Run|3|2022-01-18T21:49:54Z|(GMT-07:00) America/Boise|United Kingdom|2|61|2|5|[43.60374349169433, -116.19234384968877]|[43.60974183306098, -116.19183833710849]|5.281|7.482|92.4|10|141.2|158.0|15.0
6545804793|WU|4521.1|1236|1721|7.0|Run|0|2022-01-18T21:11:36Z|(GMT-07:00) America/Boise|United Kingdom|0|7|0|8|[43.610068056732416, -116.19186474010348]|[43.60364860855043, -116.1921401694417]|3.658|4.527|86.9|16|119.3|134.0|3.0
6543486900|Morning Run|6681.8|1881|1881|12.0|Run||2022-01-18T15:02:22Z|(GMT-07:00) America/Boise|United Kingdom|0|27|0|3|[43.5993258934468, -116.19097206741571]|[43.599608363583684, -116.19103384204209]|3.552|4.267|87.7|10|125.5|154.0|7.0
6540835756|mileage, sprints, and rugby|6666.7|1924|3906|25.0|Run|0|2022-01-17T23:42:43Z|(GMT-07:00) America/Boise|United Kingdom|0|29|0|3|[43.599526304751635, -116.19166675955057]|[43.59972780570388, -116.19224938564003]|3.465|9.937|87.8|20|129.3|152.0|7.0
6538562347|monday morning milage |16102.6|4082|4277|28.0|Run|0|2022-01-17T15:34:42Z|(GMT-07:00) America/Boise|United Kingdom|4|39|0|4|[43.59933402389288, -116.19161487556994]|[43.59923939220607, -116.1916753090918]|3.945|5.312|88.0|14|135.9|152.0|17.0
6534340850|Morning Run|21055.0|5528|5827|51.0|Run||2022-01-16T15:31:36Z|(GMT-07:00) America/Boise|United Kingdom|4|53|1|5|[43.59907837584615, -116.19141538627446]|[43.5996110457927, -116.19183825328946]|3.809|6.464|87.6|11|142.4|169.0|43.0
6529936325|WD|8591.5|2108|2151|14.0|Run|0|2022-01-15T23:35:29Z|(GMT-08:00) America/Los_Angeles|United Kingdom|1|17|0|3|[47.652371786534786, -122.29983410798013]|[47.65330435708165, -122.29984198696911]|4.076|6.842|88.5|14|138.9|161.0|13.0
6530038801|UW preview - 3000m|3000.0|499|499|0|Run|1|2022-01-15T15:00:56Z|(GMT+00:00) Europe/London|United Kingdom|0|73|2|1|[]|[]|6.012|0|||||
6529935604|WU|4939.1|1324|2602|7.0|Run|0|2022-01-15T22:05:45Z|(GMT-08:00) America/Los_Angeles|United Kingdom|0|12|1|3|[47.65243548899889, -122.30012563057244]|[47.65252551063895, -122.30030198581517]|3.73|7.194|86.1|19|131.1|151.0|5.0
6528173205|Morning Run|2216.0|739|751|23.0|Run||2022-01-15T16:04:34Z|(GMT-08:00) America/Los_Angeles|United Kingdom|0|11|0|3|[47.66132265329361, -122.31436539441347]|[47.661448968574405, -122.31394847854972]|2.999|4.49|86.8|22|124.6|141.0|2.0
6524510569|This campus is legit |4145.1|1220|1523|60.0|Run|0|2022-01-15T00:08:00Z|(GMT-08:00) America/Los_Angeles|United Kingdom|1|29|1|4|[47.661415692418814, -122.31437302194536]|[47.66116205602884, -122.31379810720682]|3.398|5.016|85.8|21|122.1|145.0|4.0
6522920941|Premeet |8008.9|2086|3035|11.0|Run|0|2022-01-14T16:01:26Z|(GMT-07:00) America/Boise|United Kingdom|0|31|0|5|[43.59930778853595, -116.19168536737561]|[43.59968748874962, -116.19190664961934]|3.839|7.77|87.7|19|128.1|157.0|8.0
6519775914|Doubl√©|6537.6|1801|1813|8.0|Run|0|2022-01-13T22:13:13Z|(GMT-07:00) America/Boise|United Kingdom|1|24|1|9|[43.61004299484193, -116.19175099767745]|[43.609717693179846, -116.1921520717442]|3.63|4.434|86.6|19|150.3|166.0|25.0
6517626574|Good stuff |12867.5|3513|3819|23.0|Run|0|2022-01-13T15:14:10Z|(GMT-07:00) America/Boise|United Kingdom|0|26|0|3|[43.59950275160372, -116.19150205515325]|[43.59964138828218, -116.19159693829715]|3.663|7.428|87.1|15|134.3|158.0|14.0
6512447961|Have a great day champions |16315.3|4410|4461|24.0|Run|0|2022-01-12T15:03:20Z|(GMT-07:00) America/Boise|United Kingdom|1|42|0|2|[43.59931013546884, -116.19163859635592]|[43.599468721076846, -116.1916639097035]|3.7|5.346|87.8|4|155.3|170.0|81.0
6509631159|WD|3197.9|962|1026|22.0|Run|0|2022-01-11T22:38:42Z|(GMT-07:00) America/Boise|United Kingdom|0|8|0|5|[43.610023045912385, -116.19175803847611]|[43.61022647470236, -116.19184026494622]|3.324|4.366|87.9|17|146.8|161.0|8.0
6509630736|20 x 200 on off üòé|8674.6|1805|1805|18.0|Run|3|2022-01-11T21:54:46Z|(GMT-07:00) America/Boise|United Kingdom|0|44|0|6|[43.60958852805197, -116.19163708761334]|[43.609741162508726, -116.19189030490816]|4.806|9.094|92.8|12|131.5|157.0|8.0
6509629759|WU|5016.4|1353|2432|44.0|Run|0|2022-01-11T21:09:04Z|(GMT-07:00) America/Boise|United Kingdom|0|13|0|5|[43.61016796901822, -116.19178310036659]|[43.609195249155164, -116.19075539521873]|3.708|6.992|87.3|18|135.7|152.0|6.0
6507006406|A nice little golf course double |7279.0|1998|2098|13.0|Run|0|2022-01-11T15:16:10Z|(GMT-07:00) America/Boise|United Kingdom|1|25|0|1|[43.599358247593045, -116.1915928311646]|[43.59953242354095, -116.19163457304239]|3.643|5.422|87.9|18|126.5|137.0|7.0
6504220471|Sprinteroonies |6542.7|1824|2737|13.0|Run|0|2022-01-10T23:31:22Z|(GMT-07:00) America/Boise|United Kingdom|0|29|0|3|[43.59929898753762, -116.19172660633922]|[43.59970106743276, -116.19205827824771]|3.587|7.852|87.1|18|130.3|152.0|7.0
6501991083|Mileage with the Leadville house |13122.3|3653|4330|29.0|Run|0|2022-01-10T15:01:46Z|(GMT-07:00) America/Boise|United Kingdom|4|43|0|4|[43.59935321845114, -116.19160808622837]|[43.59961758367717, -116.19202642701566]|3.592|5.158|87.3|10|148.7|164.0|45.0
6498364308|Back in boi |12952.2|3654|3935|22.0|Run|0|2022-01-09T17:32:27Z|(GMT-07:00) America/Boise|United Kingdom|0|41|2|3|[43.599203852936625, -116.19161252863705]|[43.600939493626356, -116.19055146351457]|3.545|5.087|87.0|10|148.4|165.0|45.0
6491469170|Still a lot of snow |23081.2|5400|5528|0|Run|2|2022-01-08T13:32:57Z|(GMT+00:00) Europe/London|United Kingdom|0|33|1|1|[]|[]|4.274|5.262|85.5|22|145.6|168.0|48.0
6486598744|Snow day |20100.0|4502|4502|0|Run|3|2022-01-07T08:30:27Z|(GMT+00:00) Europe/London|United Kingdom|0|41|0|1|[]|[]|4.465|0|||||
6483599953|Coffee solves jet lag  |6816.7|1711|1768|43.0|Run|0|2022-01-06T21:09:52Z|(GMT-05:00) America/New_York|United Kingdom|2|32|0|1|[42.311413530260324, -71.24006076715887]|[42.31157002039254, -71.24031733721495]|3.984|6.24|86.8|15|151.3|168.0|23.0
6481660525|omg lagging so bad, 100 ping |18259.4|4432|4514|94.0|Run|0|2022-01-06T13:21:14Z|(GMT-05:00) America/New_York|United Kingdom|1|50|0|1|[42.31138067319989, -71.24019336886704]|[42.31179247610271, -71.2405838817358]|4.12|6.53|88.3|12|148.5|165.0|45.0
6472680464|Shipping off to Boston |6473.8|1570|1762|30.0|Run|0|2022-01-04T18:11:35Z|(GMT+00:00) Europe/London|United Kingdom|1|37|1|1|[50.844204956665635, -0.3920463379472494]|[50.844777608290315, -0.3921175003051758]|4.123|5.566|87.9|16|140.1|153.0|8.0
6470459370|WD|4897.0|1289|1611|24.0|Run|0|2022-01-04T10:40:31Z|(GMT+00:00) Europe/London|United Kingdom|0|18|0|1|[50.84778092801571, -0.3912328742444515]|[50.844761012122035, -0.392499715089798]|3.799|7.064|88.5|18|147.1|164.0|11.0
6470456719|Brisky Morning Munchy - Jar Jar ü¶¶|13482.0|2702|2702|39.0|Run|3|2022-01-04T09:53:42Z|(GMT+00:00) Europe/London|United Kingdom|1|61|1|2|[50.84899513050914, -0.3913896158337593]|[50.84893964231014, -0.39144644513726234]|4.99|6.894|91.4|15|166.9|183.0|78.0
6470375268|WU|4037.9|1092|1527|37.0|Run|0|2022-01-04T09:26:59Z|(GMT+00:00) Europe/London|United Kingdom|0|14|0|2|[50.844578789547086, -0.39208196103572845]|[50.84822307340801, -0.39128576405346394]|3.698|4.408|86.8|19|137.3|150.0|4.0
6467167671|Another brick in the wall|6478.2|1636|1641|30.0|Run|0|2022-01-03T16:34:23Z|(GMT+00:00) Europe/London|United Kingdom|1|33|0|1|[50.84454333409667, -0.39218371734023094]|[50.84448558278382, -0.3920630179345608]|3.96|5.038|87.7|18|140.2|153.0|7.0
6465396864|Now THIS is podracing  |16281.2|4071|4589|75.0|Run|0|2022-01-03T10:01:03Z|(GMT+00:00) Europe/London|United Kingdom|2|35|1|1|[50.844507459551096, -0.3921133931726217]|[50.844702925533056, -0.3943278081715107]|3.999|7.173|87.6|21|140.3|161.0|23.0
6459162151|Sunday morning meadows mileage |8076.8|2234|2348|16.0|Run|0|2022-01-02T08:16:58Z|(GMT+00:00) Europe/London|United Kingdom|2|30|0|1|[55.934689482674, -3.167901998385787]|[55.93498754315078, -3.168693082407117]|3.615|6.746|87.0|22|134.6|146.0|9.0
6456103708|Chewy bodd |24166.6|6635|7406|133.0|Run|2|2022-01-01T12:47:57Z|(GMT+00:00) Europe/London|United Kingdom|8|57|0|2|[55.93467405997217, -3.1681371107697487]|[55.93439066782594, -3.167641069740057]|3.642|7.646|86.6|17|144.9|170.0|57.0
